"","species","reference_no","subfamily","Tribe","Genus","Fossil","min_ma","max_ma","Notes"
"1","duisburgi","44414","Agroecomyrmecinae",NA,"Agroecomyrmex","Yes",33.9,38,"Note"
"2","rugosus","4971","Agroecomyrmecinae",NA,"Eulithomyrmex","Yes",33.9,37.2,"Note"
"3","striatus","4971","Agroecomyrmecinae",NA,"Eulithomyrmex","Yes",33.9,37.2,"Note"
"4",NA,"59088","Ambyloponinae",NA,"None","Yes",20.44,23.03,"Note"
"5",NA,"53165","Ambyloponinae","Amblyoponini","Amblyoponini","Yes",20.44,23.03,"Note"
"6","eocenica","43781","Ambyloponinae",NA,"Casaleia","Yes",40.4,48.6,"Note"
"7","inversa","41286","Ambyloponinae",NA,"Casaleia","Yes",5.333,15.97,"Note"
"8","longiventris","37344","Ambyloponinae",NA,"Casaleia","Yes",11.608,12.7,"Note"
"9","orientalis","56094","Ambyloponinae",NA,"Casaleia","Yes",33.9,38,"Note"
"10","sinensis","16579","Ambyloponinae",NA,"Myopopone","Yes",11.608,15.97,"Note"
"11","electrina","44602","Ambyloponinae",NA,"Stigmatomma","Yes",33.9,38,"Note"
"12","groehni","44602","Ambyloponinae",NA,"Stigmatomma","Yes",33.9,38,"Note"
"13","deformis","44404","Aneuretinae",NA,"Aneuretellus","Yes",41.3,47.8,"Note"
"14","anglicus","37729","Aneuretinae",NA,"Britaneuretus","Yes",33.9,38,"Note"
"15","rossi","39313","Aneuretinae",NA,"Burmomyrma","Yes",93.5,99.6,"Note"
"16","occidentalis","36535","Aneuretinae",NA,"Cananeuretus","Yes",70.6,83.5,"Note"
"17",NA,"44418","Aneuretinae",NA,"Mianeuretus","Yes",46.2,50.3,"Note"
"18","eocenicus","44418","Aneuretinae",NA,"Mianeuretus","Yes",46.2,50.3,"Note"
"19","mirabilis","4971","Aneuretinae",NA,"Mianeuretus","Yes",33.9,37.2,"Note"
"20","dubovikoffi","56094","Aneuretinae",NA,"Paraneuretus","Yes",33.9,38,"Note"
"21","longicornis","40999","Aneuretinae",NA,"Paraneuretus","Yes",33.9,38,"Note"
"22","tornquisti","40999","Aneuretinae",NA,"Paraneuretus","Yes",33.9,38,"Note"
"23","tornquisti","40999","Aneuretinae",NA,"Pityomyrmex","Yes",33.9,38,"Note"
"24","succineus","40999","Aneuretinae",NA,"Protaneuretus","Yes",33.9,38,"Note"
"25","kzylzharica","37059","Armaniinae",NA,"Archaeopone","Yes",89.8,93.9,"Note"
"26","taylori","35238","Armaniinae",NA,"Archaeopone","Yes",70.6,83.5,"Note"
"27",NA,"39728","Armaniinae",NA,"Armania","Yes",89.8,93.9,"Note"
"28","capitata","39728","Armaniinae",NA,"Armania","Yes",89.8,93.9,"Note"
"29","curiosa","35238","Armaniinae",NA,"Armania","Yes",70.6,83.5,"Note"
"30","pristina","39728","Armaniinae",NA,"Armania","Yes",89.8,93.9,"Note"
"31","robusta","35238","Armaniinae",NA,"Armania","Yes",70.6,83.5,"Stem Ant?"
"32","latipes","37059","Armaniinae",NA,"Dolichomyrma","Yes",89.8,93.9,"Note"
"33","longiceps","37059","Armaniinae",NA,"Dolichomyrma","Yes",89.8,93.9,"Note"
"34","mandibulata","39728","Armaniinae",NA,"Khetania","Yes",89.8,93.9,"Note"
"35","minor","38353","Armaniinae",NA,"Orapia","Yes",89.8,93.9,"Note"
"36","rayneri","38353","Armaniinae",NA,"Orapia","Yes",89.8,93.9,"Note"
"37","sphecoides","35238","Armaniinae",NA,"Poneropterus","Yes",70.6,83.5,"Note"
"38","aberrans","35238","Armaniinae",NA,"Pseudarmania","Yes",70.6,83.5,"Stem Ant?"
"39","rasnitsyni","35238","Armaniinae",NA,"Pseudarmania","Yes",70.6,83.5,"Stem Ant?"
"40","clavata","5815","Brownimeciinae",NA,"Brownimecia","Yes",89.8,93.9,"Note"
"41","changweiensis","16579","Dolichoderinae",NA,"Alloiomma","Yes",11.608,15.97,"Note"
"42","differentialis","36942","Dolichoderinae",NA,"Alloiomma","Yes",11.608,15.97,"Note"
"43","balticus","40999","Dolichoderinae",NA,"Asymphylomyrmex","Yes",33.9,38,"Note"
"44",NA,"49381","Dolichoderinae",NA,"Azteca","Yes",15.97,23.03,"Note"
"45","alpha","5207","Dolichoderinae",NA,"Azteca","Yes",13.82,20.44,"Note"
"46","eumeces","5207","Dolichoderinae",NA,"Azteca","Yes",13.82,20.44,"Note"
"47","medicinehatensis","47972","Dolichoderinae",NA,"Chronomyrmex","Yes",70.6,83.5,"Note"
"48","goepperti","38999","Dolichoderinae",NA,"Ctenobethylus","Yes",28.4,33.9,"Note"
"49",NA,"34859","Dolichoderinae",NA,"None","Yes",5.333,7.246,"Note"
"50",NA,"8673","Dolichoderinae",NA,"Dolichoderus","Yes",5.333,55.8,"Note"
"51","Hypoclinea","44557","Dolichoderinae",NA,"Dolichoderus","Yes",33.9,38,"Note"
"52","affectus","38999","Dolichoderinae",NA,"Dolichoderus","Yes",28.4,33.9,"Note"
"53","antiquus","4971","Dolichoderinae",NA,"Dolichoderus","Yes",33.9,37.2,"Note"
"54","balticus","38999","Dolichoderinae",NA,"Dolichoderus","Yes",23.03,28.1,"Note"
"55","brevicornis","44557","Dolichoderinae",NA,"Dolichoderus","Yes",33.9,38,"Note"
"56","brevipalpis","44558","Dolichoderinae",NA,"Dolichoderus","Yes",33.9,38,"Note"
"57","brevipennis","44558","Dolichoderinae",NA,"Dolichoderus","Yes",33.9,38,"Note"
"58","bruneti","38999","Dolichoderinae",NA,"Dolichoderus","Yes",28.4,33.9,"Note"
"59","caribbaeus","5207","Dolichoderinae",NA,"Dolichoderus","Yes",13.82,20.44,"Note"
"60","coquandi","38999","Dolichoderinae",NA,"Dolichoderus","Yes",28.4,33.9,"Note"
"61","cornutus","44414","Dolichoderinae",NA,"Dolichoderus","Yes",33.9,38,"Note"
"62","dibolius","5207","Dolichoderinae",NA,"Dolichoderus","Yes",13.82,20.44,"Note"
"63","dlusskyi","55770","Dolichoderinae",NA,"Dolichoderus","Yes",41.3,47.8,"Note"
"64","elegans","40999","Dolichoderinae",NA,"Dolichoderus","Yes",33.9,38,"Note"
"65","evolans","16579","Dolichoderinae",NA,"Dolichoderus","Yes",11.608,15.97,"Note"
"66","explicans","38738","Dolichoderinae",NA,"Dolichoderus","Yes",28.4,33.9,"Note"
"67","granulinotus","44558","Dolichoderinae",NA,"Dolichoderus","Yes",33.9,38,"Note"
"68","heeri","51760","Dolichoderinae",NA,"Dolichoderus","Yes",11.608,12.7,"Note"
"69","jiaoyanshanensis","16579","Dolichoderinae",NA,"Dolichoderus","Yes",11.608,15.97,"Note"
"70","kohlsi","44418","Dolichoderinae",NA,"Dolichoderus","Yes",46.2,50.3,"Note"
"71","kutscheri","44558","Dolichoderinae",NA,"Dolichoderus","Yes",33.9,38,"Note"
"72","kutschlinicus","44564","Dolichoderinae",NA,"Dolichoderus","Yes",33.9,37.2,"Note"
"73","lacinius","16579","Dolichoderinae",NA,"Dolichoderus","Yes",11.608,15.97,"Note"
"74","longipennis","44414","Dolichoderinae",NA,"Dolichoderus","Yes",33.9,38,"Note"
"75","longipilosus","44557","Dolichoderinae",NA,"Dolichoderus","Yes",33.9,38,"Note"
"76","lucidus","44558","Dolichoderinae",NA,"Dolichoderus","Yes",33.9,38,"Note"
"77","luridivenosus","36942","Dolichoderinae",NA,"Dolichoderus","Yes",11.608,15.97,"Note"
"78","mesosternalis","40999","Dolichoderinae",NA,"Dolichoderus","Yes",33.9,38,"Note"
"79","nanus","44557","Dolichoderinae",NA,"Dolichoderus","Yes",33.9,38,"Note"
"80","obliteratus","39765","Dolichoderinae",NA,"Dolichoderus","Yes",23.03,33.9,"Note"
"81","oviformis","38999","Dolichoderinae",NA,"Dolichoderus","Yes",33.9,37.2,"Note"
"82","passalomma","40999","Dolichoderinae",NA,"Dolichoderus","Yes",33.9,38,"Note"
"83","perkovskyi","44558","Dolichoderinae",NA,"Dolichoderus","Yes",33.9,38,"Note"
"84","pilipes","44558","Dolichoderinae",NA,"Dolichoderus","Yes",33.9,38,"Note"
"85","pinguis","56094","Dolichoderinae",NA,"Dolichoderus","Yes",33.9,38,"Note"
"86","polessus","44557","Dolichoderinae",NA,"Dolichoderus","Yes",33.9,38,"Note"
"87","polonicus","44557","Dolichoderinae",NA,"Dolichoderus","Yes",33.9,38,"Note"
"88","primitivus","5207","Dolichoderinae",NA,"Dolichoderus","Yes",13.82,20.44,"Note"
"89","prolaminatus","5207","Dolichoderinae",NA,"Dolichoderus","Yes",13.82,20.44,"Note"
"90","punctatus","44558","Dolichoderinae",NA,"Dolichoderus","Yes",33.9,38,"Note"
"91","robustus","44557","Dolichoderinae",NA,"Dolichoderus","Yes",33.9,38,"Note"
"92","rohweri","4971","Dolichoderinae",NA,"Dolichoderus","Yes",33.9,37.2,"Note"
"93","sculpturatus","44414","Dolichoderinae",NA,"Dolichoderus","Yes",33.9,38,"Note"
"94","tauricus","41286","Dolichoderinae",NA,"Dolichoderus","Yes",13.82,15.97,"Note"
"95","tertiarius","44414","Dolichoderinae",NA,"Dolichoderus","Yes",33.9,38,"Note"
"96","transversipetiolaris","36942","Dolichoderinae",NA,"Dolichoderus","Yes",11.608,15.97,"Note"
"97","vectensis","5061","Dolichoderinae",NA,"Dolichoderus","Yes",33.9,38,"Note"
"98","vexillarius","40999","Dolichoderinae",NA,"Dolichoderus","Yes",33.9,38,"Note"
"99","vlaskini","44558","Dolichoderinae",NA,"Dolichoderus","Yes",33.9,38,"Note"
"100","zherichini","44578","Dolichoderinae",NA,"Dolichoderus","Yes",33.9,38,"Note"
"101","coloradensis","4971","Dolichoderinae",NA,"Elaeomyrmex","Yes",33.9,37.2,"Note"
"102","gracilis","4971","Dolichoderinae",NA,"Elaeomyrmex","Yes",33.9,37.2,"Note"
"103","mutatus","16579","Dolichoderinae",NA,"Elaphrodites","Yes",11.608,15.97,"Note"
"104","scutulatus","16579","Dolichoderinae",NA,"Elaphrodites","Yes",11.608,15.97,"Note"
"105","oblongiceps","40999","Dolichoderinae",NA,"Eldermyrmex","Yes",33.9,38,"Note"
"106","klebsi","40999","Dolichoderinae",NA,"Electromyrmex","Yes",33.9,38,"Note"
"107","antiquus","37730","Dolichoderinae",NA,"Emplastus","Yes",11.608,12.7,"Note"
"108","biamoensis","56094","Dolichoderinae",NA,"Emplastus","Yes",33.9,38,"Note"
"109","britannicus","37729","Dolichoderinae",NA,"Emplastus","Yes",33.9,38,"Note"
"110","dubius","51760","Dolichoderinae",NA,"Emplastus","Yes",11.608,12.7,"Note"
"111","elongatus","56094","Dolichoderinae",NA,"Emplastus","Yes",33.9,38,"Note"
"112","gurnetensis","5061","Dolichoderinae",NA,"Emplastus","Yes",33.9,38,"Note"
"113","haueri","37730","Dolichoderinae",NA,"Emplastus","Yes",11.608,12.7,"Note"
"114","hypolithus","37729","Dolichoderinae",NA,"Emplastus","Yes",33.9,38,"Note"
"115","kozlovi","51861","Dolichoderinae",NA,"Emplastus","Yes",33.9,38,"Note"
"116","macrops","56094","Dolichoderinae",NA,"Emplastus","Yes",33.9,38,"Note"
"117","miocenicus","51760","Dolichoderinae",NA,"Emplastus","Yes",11.608,12.7,"Note"
"118","ocellus","37344","Dolichoderinae",NA,"Emplastus","Yes",11.608,12.7,"Note"
"119","compacta","44404","Dolichoderinae",NA,"Eotapinoma","Yes",41.3,47.8,"Note"
"120","gracilis","44404","Dolichoderinae",NA,"Eotapinoma","Yes",41.3,47.8,"Note"
"121","macalpini","38952","Dolichoderinae",NA,"Eotapinoma","Yes",70.6,83.5,"Note"
"122","geologicus","36942","Dolichoderinae",NA,"Eurymyrmex","Yes",11.608,15.97,"Note"
"123",NA,"49381","Dolichoderinae",NA,"Forelius","Yes",15.97,23.03,"Note"
"124","humiloides","5207","Dolichoderinae",NA,"Gracilidris","Yes",13.82,20.44,"Note"
"125",NA,"38990","Dolichoderinae",NA,"Iridomyrmex","Yes",38,41.3,"Note"
"126","shandongicus","16579","Dolichoderinae",NA,"Iridomyrmex","Yes",11.608,15.97,"Note"
"127","laticeps","41286","Dolichoderinae",NA,"Kotshkorkia","Yes",5.333,15.97,"Note"
"128","jucunda","55770","Dolichoderinae",NA,"Ktunaxia","Yes",41.3,47.8,"Note"
"129","neotropicus","5207","Dolichoderinae",NA,"Leptomyrmex","Yes",13.82,20.44,"Note"
"130","maravignae","44518","Dolichoderinae",NA,"Leptomyrmula","Yes",5.333,11.608,"Note"
"131",NA,"55004","Dolichoderinae",NA,"Linepithema","Yes",13.82,20.44,"Note"
"132",NA,"38709","Dolichoderinae",NA,"Liometopum","Yes",11.608,12.7,"Note"
"133","bogdassarovi","56276","Dolichoderinae",NA,"Liometopum","Yes",33.9,38,"Note"
"134","eremicum","16579","Dolichoderinae",NA,"Liometopum","Yes",11.608,15.97,"Note"
"135","imhoffii","37344","Dolichoderinae",NA,"Liometopum","Yes",11.608,12.7,"Note"
"136","incognitum","56094","Dolichoderinae",NA,"Liometopum","Yes",33.9,38,"Note"
"137","lubricum","36942","Dolichoderinae",NA,"Liometopum","Yes",11.608,15.97,"Note"
"138","miocenicum","4971","Dolichoderinae",NA,"Liometopum","Yes",33.9,37.2,"Note"
"139","oligocenicum","40999","Dolichoderinae",NA,"Liometopum","Yes",33.9,38,"Note"
"140","potamophilum","16579","Dolichoderinae",NA,"Liometopum","Yes",11.608,15.97,"Note"
"141","scudderi","4971","Dolichoderinae",NA,"Liometopum","Yes",33.9,37.2,"Note"
"142","impactus","4971","Dolichoderinae",NA,"Miomyrmex","Yes",33.9,37.2,"Note"
"143","striatus","4971","Dolichoderinae",NA,"Miomyrmex","Yes",33.9,37.2,"Note"
"144","minimus","4971","Dolichoderinae",NA,"Petraeomyrmex","Yes",33.9,37.2,"Note"
"145","rotundatus","55770","Dolichoderinae",NA,"Proiridomyrmex","Yes",41.3,47.8,"Note"
"146","vetulus","44418","Dolichoderinae",NA,"Proiridomyrmex","Yes",46.2,50.3,"Note"
"147","capitata","4971","Dolichoderinae",NA,"Protazteca","Yes",33.9,37.2,"Note"
"148","elongata","4971","Dolichoderinae",NA,"Protazteca","Yes",33.9,37.2,"Note"
"149","eocenica","55770","Dolichoderinae",NA,"Protazteca","Yes",41.3,47.8,"Note"
"150","hendersoni","5014","Dolichoderinae",NA,"Protazteca","Yes",33.9,37.2,"Note"
"151","quadrata","4971","Dolichoderinae",NA,"Protazteca","Yes",33.9,37.2,"Note"
"152",NA,"39584","Dolichoderinae",NA,"Tapinoma","Yes",5.333,11.608,"Note"
"153","aberrans","44578","Dolichoderinae",NA,"Tapinoma","Yes",33.9,38,"Note"
"154","baculum","16579","Dolichoderinae",NA,"Tapinoma","Yes",11.608,15.97,"Note"
"155","electrinum","44578","Dolichoderinae",NA,"Tapinoma","Yes",33.9,38,"Note"
"156","minutissimum","44518","Dolichoderinae",NA,"Tapinoma","Yes",5.333,11.608,"Note"
"157","troche","5207","Dolichoderinae",NA,"Tapinoma","Yes",13.82,20.44,"Note"
"158","caritatis","44634","Dolichoderinae",NA,"Technomyrmex","Yes",13.82,20.44,"Note"
"159","deletus","44518","Dolichoderinae",NA,"Technomyrmex","Yes",5.333,11.608,"Note"
"160","hispaniolae","5207","Dolichoderinae",NA,"Technomyrmex","Yes",13.82,20.44,"Note"
"161","septentrionalis","16579","Dolichoderinae",NA,"Technomyrmex","Yes",11.608,15.97,"Note"
"162","mirabilis","53816","Dolichoderinae",NA,"Usomyrma","Yes",33.9,38,"Note"
"163","constrictus","44414","Dolichoderinae",NA,"Yantaromyrmex","Yes",33.9,38,"Note"
"164","geinitzi","38999","Dolichoderinae",NA,"Yantaromyrmex","Yes",28.4,33.9,"Note"
"165","intermedius","50040","Dolichoderinae",NA,"Yantaromyrmex","Yes",33.9,38,"Note"
"166","mayrianum","50040","Dolichoderinae",NA,"Yantaromyrmex","Yes",33.9,38,"Note"
"167","samlandicus","40999","Dolichoderinae",NA,"Yantaromyrmex","Yes",33.9,38,"Note"
"168","horribilis","44404","Dolichoderinae",NA,"Zherichinius","Yes",41.3,47.8,"Note"
"169","rapax","44404","Dolichoderinae",NA,"Zherichinius","Yes",41.3,47.8,"Note"
"170","hispaniolicus","44410","Dorylinae",NA,"Acanthostichus","Yes",13.82,20.44,"Note"
"171","antillanus","44524","Dorylinae",NA,"Cylindromyrmex","Yes",13.82,20.44,"Note"
"172","electrinus","44524","Dorylinae",NA,"Cylindromyrmex","Yes",13.82,20.44,"Note"
"173","inopinatus","44525","Dorylinae",NA,"Cylindromyrmex","Yes",13.82,20.44,"Note"
"174",NA,"50423","Dorylinae",NA,"None","Yes",1.8,4.9,"Note"
"175",NA,"38999","Dorylinae",NA,"Lioponera","Yes",28.4,33.9,"Note"
"176",NA,"52386","Dorylinae",NA,"Neivamyrmex","Yes",15.97,23.03,"Note"
"177","ectopus","5206","Dorylinae",NA,"Neivamyrmex","Yes",13.82,20.44,"Note"
"178","annosus","40999","Dorylinae",NA,"Procerapachys","Yes",33.9,38,"Note"
"179","favosus","40999","Dorylinae",NA,"Procerapachys","Yes",33.9,38,"Note"
"180","sulcatus","44602","Dorylinae",NA,"Procerapachys","Yes",33.9,38,"Note"
"181","dentata","38952","Ectatomminae",NA,"Canapone","Yes",70.6,83.5,"Note"
"182","gracile","44518","Ectatomminae",NA,"Ectatomma","Yes",5.333,11.608,"Note"
"183","brunoi","44600","Ectatomminae",NA,"Gnamptogenys","Yes",13.82,20.44,"Note"
"184","casca","44600","Ectatomminae",NA,"Gnamptogenys","Yes",13.82,20.44,"Note"
"185","europaea","44414","Ectatomminae",NA,"Gnamptogenys","Yes",33.9,38,"Note"
"186","levinates","44601","Ectatomminae",NA,"Gnamptogenys","Yes",13.82,20.44,"Note"
"187","pristina","44601","Ectatomminae",NA,"Gnamptogenys","Yes",13.82,20.44,"Note"
"188","rohdendorfi","44602","Ectatomminae",NA,"Gnamptogenys","Yes",33.9,38,"Note"
"189","eocenica","43781","Ectatomminae",NA,"Pseudectatomma","Yes",40.4,48.6,"Note"
"190","striatula","43781","Ectatomminae",NA,"Pseudectatomma","Yes",40.4,48.6,"Note"
"191","gibsoni","59088","Ectatomminae",NA,"Rhytidoponera","Yes",20.44,23.03,"Note"
"192","kirghizorum","41286","Ectatomminae",NA,"Rhytidoponera","Yes",5.333,15.97,"Note"
"193","waipiata","59088","Ectatomminae",NA,"Rhytidoponera","Yes",20.44,23.03,"Note"
"194","gigantea","44589","Fomiciinae",NA,"Titanomyrma","Yes",40.4,48.6,"Note"
"195","lubei","35980","Fomiciinae",NA,"Titanomyrma","Yes",48.6,55.8,"Note"
"196","simillima","44589","Fomiciinae",NA,"Titanomyrma","Yes",40.4,48.6,"Note"
"197",NA,"40600","Formicinae",NA,"Acropyga","Yes",13.82,20.44,"Note"
"198","glaesaria","40302","Formicinae",NA,"Acropyga","Yes",13.82,20.44,"Note"
"199",NA,"51248","Formicinae","Camponotini","None","Yes",2.588,3.6,"Note"
"200",NA,"41286","Formicinae",NA,"Camponotites","Yes",11.608,15.97,"Note"
"201","kraussei","40968","Formicinae",NA,"Camponotites","Yes",47.8,56,"Note"
"202","macropterus","41286","Formicinae",NA,"Camponotites","Yes",11.608,15.97,"Note"
"203","silvestris","51248","Formicinae",NA,"Camponotites","Yes",2.588,3.6,"Note"
"204","steinbachi","36140","Formicinae",NA,"Camponotites","Yes",2.588,3.6,"Note"
"205","xiejiaheensis","16579","Formicinae",NA,"Camponotites","Yes",11.608,15.97,"Note"
"206",NA,"35523","Formicinae",NA,"Camponotus","Yes",15.97,20.43,"Note"
"207","ambon","16579","Formicinae",NA,"Camponotus","Yes",11.608,15.97,"Note"
"208","ampullosus","16579","Formicinae",NA,"Camponotus","Yes",11.608,15.97,"Note"
"209","cockerelli","5061","Formicinae",NA,"Camponotus","Yes",33.9,38,"Note"
"210","compactus","38738","Formicinae",NA,"Camponotus","Yes",28.4,33.9,"Note"
"211","crozei","51140","Formicinae",NA,"Camponotus","Yes",5.333,8.7,"Note"
"212","curviansatus","16579","Formicinae",NA,"Camponotus","Yes",11.608,15.97,"Note"
"213","festinatus","44458","Formicinae",NA,"Camponotus","Yes",15.97,20.43,"Note"
"214","festinus","16579","Formicinae",NA,"Camponotus","Yes",11.608,15.97,"Note"
"215","fuscipennis","4971","Formicinae",NA,"Camponotus","Yes",33.9,37.2,"Note"
"216","gracilis","16579","Formicinae",NA,"Camponotus","Yes",11.608,15.97,"Note"
"217","heracleus","37344","Formicinae",NA,"Camponotus","Yes",11.608,12.7,"Note"
"218","herculeanus","52251","Formicinae",NA,"Camponotus","Yes",1.806,2.588,"Note"
"219","induratus","37344","Formicinae",NA,"Camponotus","Yes",11.608,12.7,"Note"
"220","lignitus","37344","Formicinae",NA,"Camponotus","Yes",11.608,12.7,"Note"
"221","longiventris","38999","Formicinae",NA,"Camponotus","Yes",23.03,28.1,"Note"
"222","longus","16579","Formicinae",NA,"Camponotus","Yes",11.608,15.97,"Note"
"223","luteus","16579","Formicinae",NA,"Camponotus","Yes",11.608,15.97,"Note"
"224","mengei","38999","Formicinae",NA,"Camponotus","Yes",28.4,33.9,"Note"
"225","microcephalus","4971","Formicinae",NA,"Camponotus","Yes",33.9,37.2,"Note"
"226","microthoracus","16579","Formicinae",NA,"Camponotus","Yes",11.608,15.97,"Note"
"227","mitis","16579","Formicinae",NA,"Camponotus","Yes",11.608,15.97,"Note"
"228","novotnyi","44459","Formicinae",NA,"Camponotus","Yes",28.1,33.9,"Note"
"229","obesus","44462","Formicinae",NA,"Camponotus","Yes",7.246,11.62,"Note"
"230","oeningensis","37344","Formicinae",NA,"Camponotus","Yes",11.608,12.7,"Note"
"231","palaeopterus","16579","Formicinae",NA,"Camponotus","Yes",11.608,15.97,"Note"
"232","penninervis","38999","Formicinae",NA,"Camponotus","Yes",23.03,28.1,"Note"
"233","petrifactus","4971","Formicinae",NA,"Camponotus","Yes",33.9,37.2,"Note"
"234","pictus","36942","Formicinae",NA,"Camponotus","Yes",11.608,15.97,"Note"
"235","pinguiculus","37344","Formicinae",NA,"Camponotus","Yes",11.608,12.7,"Note"
"236","plenus","16579","Formicinae",NA,"Camponotus","Yes",11.608,15.97,"Note"
"237","shanwangensis","16579","Formicinae",NA,"Camponotus","Yes",11.608,15.97,"Note"
"238","theobaldi","38999","Formicinae",NA,"Camponotus","Yes",23.03,28.1,"Note"
"239","tokunagai","52927","Formicinae",NA,"Camponotus","Yes",48.6,55.8,"Note"
"240","ullrichi","44435","Formicinae",NA,"Camponotus","Yes",5.333,7.246,"Note"
"241","vehemens","38738","Formicinae",NA,"Camponotus","Yes",28.4,33.9,"Note"
"242","vetus","5133","Formicinae",NA,"Camponotus","Yes",46.2,50.3,"Note"
"243","constrictus","44414","Formicinae",NA,"Cataglyphoides","Yes",33.9,38,"Note"
"244","intermedius","44522","Formicinae",NA,"Cataglyphoides","Yes",33.9,38,"Note"
"245","brachycephala","44404","Formicinae",NA,"Chimaeromyrma","Yes",41.3,47.8,"Note"
"246","bitterfeldiana","44522","Formicinae",NA,"Conoformica","Yes",33.9,38,"Note"
"247","eocenicus","40725","Formicinae",NA,"Curtipalpulus","Yes",48.6,55.8,"Note"
"248","claripennis","40999","Formicinae",NA,"Drymomyrmex","Yes",33.9,38,"Note"
"249","fuscipennis","38999","Formicinae",NA,"Drymomyrmex","Yes",28.4,33.9,"Note"
"250","chinensis","40725","Formicinae",NA,"Eoleptocerites","Yes",48.6,55.8,"Note"
"251","fushunensis","40725","Formicinae",NA,"Eoleptocerites","Yes",48.6,55.8,"Note"
"252","fushunensis","40725","Formicinae",NA,"Eurytarsites","Yes",48.6,55.8,"Note"
"253",NA,"38999","Formicinae",NA,"Formica","Yes",33.9,37.2,"Note"
"254","alsatica","38999","Formicinae",NA,"Formica","Yes",28.4,33.9,"Note"
"255","annosa","55770","Formicinae",NA,"Formica","Yes",41.3,47.8,"Note"
"256","arcana","39765","Formicinae",NA,"Formica","Yes",23.03,33.9,"Note"
"257","auxillacensis","44462","Formicinae",NA,"Formica","Yes",5.333,7.246,"Note"
"258","bauckhorni","44433","Formicinae",NA,"Formica","Yes",23.03,28.4,"Note"
"259","biamoensis","56094","Formicinae",NA,"Formica","Yes",33.9,38,"Note"
"260","buphthalma","44517","Formicinae",NA,"Formica","Yes",15.97,16.9,"Note"
"261","cantalica","44462","Formicinae",NA,"Formica","Yes",7.246,11.62,"Note"
"262","ceps","16579","Formicinae",NA,"Formica","Yes",11.608,15.97,"Note"
"263","cockerelli","4971","Formicinae",NA,"Formica","Yes",33.9,37.2,"Note"
"264","demersa","37344","Formicinae",NA,"Formica","Yes",11.608,12.7,"Note"
"265","eoptera","42241","Formicinae",NA,"Formica","Yes",33.9,37.2,"Note"
"266","flavifemoralis","36942","Formicinae",NA,"Formica","Yes",11.608,15.97,"Note"
"267","flori","38999","Formicinae",NA,"Formica","Yes",28.4,33.9,"Note"
"268","fusca","16579","Formicinae",NA,"Formica","Yes",11.608,15.97,"Note"
"269","gibbosa","44584","Formicinae",NA,"Formica","Yes",33.9,38,"Note"
"270","globiventris","37344","Formicinae",NA,"Formica","Yes",11.608,12.7,"Note"
"271","grandis","4971","Formicinae",NA,"Formica","Yes",33.9,37.2,"Note"
"272","gravida","37344","Formicinae",NA,"Formica","Yes",11.608,12.7,"Note"
"273","gustawi","44522","Formicinae",NA,"Formica","Yes",33.9,38,"Note"
"274","heteroptera","41450","Formicinae",NA,"Formica","Yes",41.3,47.8,"Note"
"275","horrida","40999","Formicinae",NA,"Formica","Yes",33.9,38,"Note"
"276","immersa","37344","Formicinae",NA,"Formica","Yes",11.608,12.7,"Note"
"277","kutscheri","44522","Formicinae",NA,"Formica","Yes",33.9,38,"Note"
"278","latinodosa","38999","Formicinae",NA,"Formica","Yes",23.03,28.1,"Note"
"279","lavateri","37344","Formicinae",NA,"Formica","Yes",11.608,12.7,"Note"
"280","linquensis","16579","Formicinae",NA,"Formica","Yes",11.608,15.97,"Note"
"281","longicollis","37344","Formicinae",NA,"Formica","Yes",11.608,12.7,"Note"
"282","lucida","47505","Formicinae",NA,"Formica","Yes",33.9,38,"Note"
"283","luteola","44584","Formicinae",NA,"Formica","Yes",33.9,38,"Note"
"284","macrocephala","37344","Formicinae",NA,"Formica","Yes",11.608,12.7,"Note"
"285","macrognatha","44584","Formicinae",NA,"Formica","Yes",33.9,38,"Note"
"286","macrophthalma","37344","Formicinae",NA,"Formica","Yes",11.608,12.7,"Note"
"287","maculipennis","44462","Formicinae",NA,"Formica","Yes",5.333,7.246,"Note"
"288","martynovi","44457","Formicinae",NA,"Formica","Yes",11.608,12.7,"Note"
"289","neorufibarbis","55325","Formicinae",NA,"Formica","Yes",0.0117,0.126,"Note"
"290","nigra","44584","Formicinae",NA,"Formica","Yes",33.9,38,"Note"
"291","obscura","37344","Formicinae",NA,"Formica","Yes",11.608,12.7,"Note"
"292","orbata","37344","Formicinae",NA,"Formica","Yes",11.608,12.7,"Note"
"293","ovala","16579","Formicinae",NA,"Formica","Yes",11.608,15.97,"Note"
"294","palaeopolonica","44522","Formicinae",NA,"Formica","Yes",33.9,38,"Note"
"295","paleosibirica","56094","Formicinae",NA,"Formica","Yes",33.9,38,"Note"
"296","parexsecta","51760","Formicinae",NA,"Formica","Yes",11.608,12.7,"Note"
"297","parvula","44584","Formicinae",NA,"Formica","Yes",33.9,38,"Note"
"298","phaethusa","40999","Formicinae",NA,"Formica","Yes",33.9,38,"Note"
"299","pitoni","44462","Formicinae",NA,"Formica","Yes",2.588,3.6,"Note"
"300","primitiva","37344","Formicinae",NA,"Formica","Yes",11.608,12.7,"Note"
"301","primordialis","37344","Formicinae",NA,"Formica","Yes",11.608,12.7,"Note"
"302","procera","37344","Formicinae",NA,"Formica","Yes",11.608,12.7,"Note"
"303","pulchella","37344","Formicinae",NA,"Formica","Yes",11.608,12.7,"Note"
"304","quadrata","44586","Formicinae",NA,"Formica","Yes",33.9,38,"Note"
"305","radchenkoi","44522","Formicinae",NA,"Formica","Yes",33.9,38,"Note"
"306","robusta","4971","Formicinae",NA,"Formica","Yes",33.9,37.2,"Note"
"307","sepulta","38999","Formicinae",NA,"Formica","Yes",28.4,33.9,"Note"
"308","serresi","38999","Formicinae",NA,"Formica","Yes",23.03,28.1,"Note"
"309","seuberti","37344","Formicinae",NA,"Formica","Yes",11.608,12.7,"Note"
"310","strangulata","40999","Formicinae",NA,"Formica","Yes",33.9,38,"Note"
"311","surinamensis","44587","Formicinae",NA,"Formica","Yes",33.9,38,"Note"
"312","trigona","44584","Formicinae",NA,"Formica","Yes",33.9,38,"Note"
"313","tripartita","38999","Formicinae",NA,"Formica","Yes",28.4,33.9,"Note"
"314","ungeri","37344","Formicinae",NA,"Formica","Yes",11.608,12.7,"Note"
"315","zherikhini","44522","Formicinae",NA,"Formica","Yes",33.9,38,"Note"
"316",NA,"44418","Formicinae",NA,"None","Yes",46.2,50.3,"Note"
"317","spinata","40725","Formicinae",NA,"Fushuniformica","Yes",48.6,55.8,"Note"
"318","bremii","37344","Formicinae",NA,"Gesomyrmex","Yes",11.608,12.7,"Note"
"319","breviceps","44599","Formicinae",NA,"Gesomyrmex","Yes",40.4,48.6,"Note"
"320","curiosus","44599","Formicinae",NA,"Gesomyrmex","Yes",40.4,48.6,"Note"
"321","flavescens","44599","Formicinae",NA,"Gesomyrmex","Yes",40.4,48.6,"Note"
"322","germanicus","44599","Formicinae",NA,"Gesomyrmex","Yes",40.4,48.6,"Note"
"323","hoernesi","40999","Formicinae",NA,"Gesomyrmex","Yes",33.9,38,"Note"
"324","incertus","56094","Formicinae",NA,"Gesomyrmex","Yes",33.9,38,"Note"
"325","macrops","56094","Formicinae",NA,"Gesomyrmex","Yes",33.9,38,"Note"
"326","magnus","56094","Formicinae",NA,"Gesomyrmex","Yes",33.9,38,"Note"
"327","pulcher","44599","Formicinae",NA,"Gesomyrmex","Yes",40.4,48.6,"Note"
"328","oligocenicus","38999","Formicinae",NA,"Glaphyromyrmex","Yes",28.4,33.9,"Note"
"329","croaticus","51760","Formicinae",NA,"Heeridris","Yes",11.608,12.7,"Note"
"330","mallepetiolata","40725","Formicinae",NA,"Huaxiaformica","Yes",48.6,55.8,"Note"
"331","nigra","37344","Formicinae",NA,"Imhoffia","Yes",11.608,12.7,"Note"
"332","pallida","38709","Formicinae",NA,"Imhoffia","Yes",11.608,12.7,"Note"
"333","neffi","36269","Formicinae",NA,"Kyromyrma","Yes",89.8,93.9,"Note"
"334",NA,"39931","Formicinae",NA,"Lasius","Yes",20.44,23.03,"Note"
"335","anthracinus","51760","Formicinae",NA,"Lasius","Yes",11.608,12.7,"Note"
"336","chambonensis","44462","Formicinae",NA,"Lasius","Yes",2.588,3.6,"Note"
"337","crispus","44462","Formicinae",NA,"Lasius","Yes",7.246,11.62,"Note"
"338","epicentrus","38999","Formicinae",NA,"Lasius","Yes",23.03,28.1,"Note"
"339","globularis","38709","Formicinae",NA,"Lasius","Yes",23.03,28.1,"Note"
"340","glom","55770","Formicinae",NA,"Lasius","Yes",41.3,47.8,"Note"
"341","inflatus","16579","Formicinae",NA,"Lasius","Yes",11.608,15.97,"Note"
"342","longaevus","51392","Formicinae",NA,"Lasius","Yes",11.608,12.7,"Note"
"343","longipennis","37344","Formicinae",NA,"Lasius","Yes",11.608,12.7,"Note"
"344","mordicus","16579","Formicinae",NA,"Lasius","Yes",11.608,15.97,"Note"
"345","nemorivagus","40999","Formicinae",NA,"Lasius","Yes",33.9,38,"Note"
"346","oblongus","37742","Formicinae",NA,"Lasius","Yes",5.333,11.608,"Note"
"347","occultatus","37344","Formicinae",NA,"Lasius","Yes",12.7,13.65,"Note"
"348","ophthalmicus","51392","Formicinae",NA,"Lasius","Yes",11.608,12.7,"Note"
"349","peritulus","4971","Formicinae",NA,"Lasius","Yes",33.9,37.2,"Note"
"350","pumilus","44414","Formicinae",NA,"Lasius","Yes",33.9,38,"Note"
"351","punctulatus","44414","Formicinae",NA,"Lasius","Yes",33.9,38,"Note"
"352","schiefferdeckeri","44414","Formicinae",NA,"Lasius","Yes",33.9,38,"Note"
"353","tertiarius","44614","Formicinae",NA,"Lasius","Yes",11.608,12.7,"Note"
"354","truncatus","16579","Formicinae",NA,"Lasius","Yes",11.608,15.97,"Note"
"355","validus","16579","Formicinae",NA,"Lasius","Yes",11.608,15.97,"Note"
"356","vetulus","16579","Formicinae",NA,"Lasius","Yes",11.608,15.97,"Note"
"357","capricornutes","40725","Formicinae",NA,"Leptogasteritus","Yes",48.6,55.8,"Note"
"358","donisthorpei","51861","Formicinae",NA,"Leucotaphus","Yes",33.9,38,"Note"
"359","gurnetensis","37729","Formicinae",NA,"Leucotaphus","Yes",33.9,38,"Note"
"360","longipetiolata","40725","Formicinae",NA,"Liaoformica","Yes",48.6,55.8,"Note"
"361","dongzhouheensis","40725","Formicinae",NA,"Longiformica","Yes",48.6,55.8,"Note"
"362","guchengziensis","40725","Formicinae",NA,"Longiformica","Yes",48.6,55.8,"Note"
"363","curticornutus","40725","Formicinae",NA,"Magnogasterites","Yes",48.6,55.8,"Note"
"364","novaeseelandiae","59088","Formicinae",NA,"Myrmecorhynchus","Yes",20.44,23.03,"Note"
"365","pygmaea","44414","Formicinae",NA,"Nylanderia","Yes",33.9,38,"Note"
"366","vetula","44618","Formicinae",NA,"Nylanderia","Yes",13.82,20.44,"Note"
"367","atavina","37729","Formicinae",NA,"Oecophylla","Yes",33.9,38,"Note"
"368","bartoniana","41450","Formicinae",NA,"Oecophylla","Yes",41.3,47.8,"Note"
"369","brischkei","44414","Formicinae",NA,"Oecophylla","Yes",33.9,38,"Note"
"370","crassinoda","40999","Formicinae",NA,"Oecophylla","Yes",33.9,38,"Note"
"371","eckfeldiana","37721","Formicinae",NA,"Oecophylla","Yes",40.4,48.6,"Note"
"372","grandimandibula","51140","Formicinae",NA,"Oecophylla","Yes",5.333,8.7,"Note"
"373","leakeyi","44619","Formicinae",NA,"Oecophylla","Yes",15.97,20.44,"Note"
"374","longiceps","37721","Formicinae",NA,"Oecophylla","Yes",40.4,48.6,"Note"
"375","megarche","37729","Formicinae",NA,"Oecophylla","Yes",33.9,38,"Note"
"376","obesa","37344","Formicinae",NA,"Oecophylla","Yes",11.608,12.7,"Note"
"377","praeclara","38738","Formicinae",NA,"Oecophylla","Yes",28.4,33.9,"Note"
"378","sicula","44518","Formicinae",NA,"Oecophylla","Yes",5.333,11.608,"Note"
"379","superba","38999","Formicinae",NA,"Oecophylla","Yes",28.4,33.9,"Note"
"380","reticulata","40725","Formicinae",NA,"Orbicapitia","Yes",48.6,55.8,"Note"
"381","fushunensis","40725","Formicinae",NA,"Ovalicapito","Yes",48.6,55.8,"Note"
"382","xilutianensis","40725","Formicinae",NA,"Ovaligastrula","Yes",48.6,55.8,"Note"
"383","klinsmanni","44414","Formicinae",NA,"Plagiolepis","Yes",33.9,38,"Note"
"384","kuenowi","44414","Formicinae",NA,"Plagiolepis","Yes",33.9,38,"Note"
"385","labilis","44518","Formicinae",NA,"Plagiolepis","Yes",5.333,11.608,"Note"
"386","minutissima","44578","Formicinae",NA,"Plagiolepis","Yes",33.9,38,"Note"
"387","paradoxa","44621","Formicinae",NA,"Plagiolepis","Yes",33.9,38,"Note"
"388","singularis","44414","Formicinae",NA,"Plagiolepis","Yes",33.9,38,"Note"
"389","solitaria","44414","Formicinae",NA,"Plagiolepis","Yes",33.9,38,"Note"
"390","squamifera","44414","Formicinae",NA,"Plagiolepis","Yes",33.9,38,"Note"
"391","wheeleri","44621","Formicinae",NA,"Plagiolepis","Yes",33.9,38,"Note"
"392","annosus","42983","Formicinae",NA,"Polyrhachis","Yes",5.333,7.246,"Note"
"393","henschei","39242","Formicinae",NA,"Prenolepis","Yes",33.9,38,"Note"
"394","primigenius","40999","Formicinae",NA,"Prodimorphomyrmex","Yes",33.9,38,"Note"
"395","proformicoides","11234","Formicinae",NA,"Protoformica","Yes",33.9,38,"Note"
"396","atavia","44624","Formicinae",NA,"Protomyrmica","Yes",33.9,38,"Note"
"397","carpenteri","38990","Formicinae",NA,"Protrechina","Yes",38,41.3,"Note"
"398","elkoanus","4971","Formicinae",NA,"Pseudocamponotus","Yes",28.4,37.2,"Note"
"399","boreus","40999","Formicinae",NA,"Pseudolasius","Yes",33.9,38,"Note"
"400","corniger","44518","Formicinae",NA,"Sicilomyrmex","Yes",5.333,11.608,"Note"
"401","longicapitata","40725","Formicinae",NA,"Sinoformica","Yes",48.6,55.8,"Note"
"402","badis","40725","Formicinae",NA,"Sinotenuicapito","Yes",48.6,55.8,"Note"
"403","liaoningensis","40725","Formicinae",NA,"Wilsonia","Yes",48.6,55.8,"Note"
"404","megagastrosa","40725","Formicinae",NA,"Wilsonia","Yes",48.6,55.8,"Note"
"405","electra","44640","Formicinae",NA,"Zatania","Yes",13.82,20.44,"Note"
"406","berryi","44588","Fomiciinae",NA,"Formicium","Yes",38,41.3,"Note"
"407","brodiei","49700","Fomiciinae",NA,"Formicium","Yes",33.9,38,"Note"
"408","antediluvianum","39765","Incertae",NA,"Calyptites","Yes",23.03,33.9,"Possibly not an ant, date seems goofy"
"409",NA,"58266","Incertae",NA,"Camelomecia","Yes",93.5,99.6,"Possibly not an ant"
"410","janovitzi","58266","Incertae",NA,"Camelomecia","Yes",93.5,99.6,"Possibly not an ant"
"411","magna","37059","Incertae",NA,"Cretopone","Yes",89.8,93.9,"Possibly not an ant"
"412","leptogastrosa","40725","Incertae",NA,"Curticorna","Yes",48.6,55.8,"Possibly not an ant"
"413","castanifurvus","40725","Incertae",NA,"Eoaenictites","Yes",48.6,55.8,"Maybe not an ant"
"414","brevipetiola","55770","Incertae",NA,"Eoformica","Yes",41.3,47.8,"Maybe not an ant"
"415","expectans","38999","Incertae",NA,"Eoformica","Yes",28.4,33.9,"Maybe not an ant"
"416","globularis","44418","Incertae",NA,"Eoformica","Yes",46.2,50.3,"Maybe not an ant"
"417","latimedia","55770","Incertae",NA,"Eoformica","Yes",41.3,47.8,"Maybe not an ant"
"418","magna","44418","Incertae",NA,"Eoformica","Yes",46.2,50.3,"Maybe not an ant"
"419","pinguis","5045","Incertae",NA,"Eoformica","Yes",46.2,50.3,"Maybe not an ant"
"420","stigmata","44582","Incertae",NA,"Fonsecahymen","Yes",33.9,38,"Maybe not an ant"
"421","whiteae","44418","Incertae",NA,"Klondikia","Yes",47.8,56,"Maybe not an ant"
"422","gracilis","44418","Incertae",NA,"Kohlsimyrma","Yes",46.2,50.3,"Maybe not an ant"
"423","laticeps","44418","Incertae",NA,"Kohlsimyrma","Yes",46.2,50.3,"Maybe not an ant"
"424","longiceps","44418","Incertae",NA,"Kohlsimyrma","Yes",46.2,50.3,"Maybe not an ant"
"425","gracilis","36535","Incertae",NA,"Myanmyrma","Yes",93.5,99.6,"Maybe not an ant"
"426","petiolata","37059","Incertae",NA,"Petropone","Yes",89.8,93.9,"Note"
"427","xilutianensis","40725","Insect",NA,"Eocynipites","Yes",48.6,55.8,"Not an ant"
"428","rasnitsyni","44628","Myrmicinae",NA,"Pristomyrmex","Yes",33.9,38,"Note"
"429","longa","40725","Myrmicinae",NA,"Quadrulicapito","Yes",48.6,55.8,"Note"
"430","brunneus","40725","Myrmicinae",NA,"Sinomyrmex","Yes",48.6,55.8,"Note"
"431","furvis","40725","Myrmicinae",NA,"Sinomyrmex","Yes",48.6,55.8,"Note"
"432",NA,"39931","Myrmicinae","Solenopsidini","Solenopsidini","Yes",20.44,23.03,"Note"
"433",NA,"56112","Myrmicinae","Solenopsidini","Solenopsis","Yes",5.333,8.7,"Note"
"434","alena","38999","Myrmicinae","Solenopsidini","Solenopsis","Yes",28.4,33.9,"Note"
"435","blanda","38738","Myrmicinae","Solenopsidini","Solenopsis","Yes",28.4,33.9,"Note"
"436","foersteri","38999","Myrmicinae","Solenopsidini","Solenopsis","Yes",28.4,33.9,"Note"
"437","maxima","38738","Myrmicinae","Solenopsidini","Solenopsis","Yes",28.4,33.9,"Note"
"438","moesta","38738","Myrmicinae","Solenopsidini","Solenopsis","Yes",28.4,33.9,"Note"
"439","privata","38738","Myrmicinae","Solenopsidini","Solenopsis","Yes",28.4,33.9,"Note"
"440","superba","38738","Myrmicinae","Solenopsidini","Solenopsis","Yes",28.4,33.9,"Note"
"441","valida","38738","Myrmicinae","Solenopsidini","Solenopsis","Yes",28.4,33.9,"Note"
"442","abdita","55770","Myrmicinae","Solenopsidini","Solenopsites","Yes",41.3,47.8,"Note"
"443","minutus","44418","Myrmicinae","Solenopsidini","Solenopsites","Yes",46.2,50.3,"Note"
"444","rossi","51861","Myrmicinae","Solenopsidini","Solenopsites","Yes",33.9,38,"Note"
"445","andrei","52639","Myrmicinae",NA,"Veromessor","Yes",0.012,0.3,"Note"
"446","beyrichi","44414","Myrmicinae",NA,"Vollenhovia","Yes",33.9,38,"Note"
"447","prisca","44622","Myrmicinae",NA,"Vollenhovia","Yes",33.9,38,"Note"
"448","furvis","40725","Myrmicinae",NA,"Wumyrmex","Yes",48.6,55.8,"Note"
"449","atopogaster","16579","Myrmicinae",NA,"Zhangidris","Yes",11.608,15.97,"Note"
"450","piatnitzkyi","44403","Myrmiciinae",NA,"Archimyrmex","Yes",41.3,47.8,"Note"
"451","rostratus","44405","Myrmiciinae",NA,"Archimyrmex","Yes",46.2,50.3,"Note"
"452","smekali","44436","Myrmiciinae",NA,"Archimyrmex","Yes",41.3,47.8,"Note"
"453","wedmannae","41794","Myrmiciinae",NA,"Archimyrmex","Yes",40.4,48.6,"Note"
"454","elongatus","38422","Myrmiciinae",NA,"Avitomyrmex","Yes",47.8,56,"Note"
"455","mastax","38422","Myrmiciinae",NA,"Avitomyrmex","Yes",47.8,56,"Note"
"456","systenus","38422","Myrmiciinae",NA,"Avitomyrmex","Yes",47.8,56,"Note"
"457",NA,"38422","Myrmiciinae",NA,"Myrmeciites","Yes",47.8,56,"Note"
"458","goliath","38422","Myrmiciinae",NA,"Myrmeciites","Yes",47.8,56,"Note"
"459","herculeanus","38422","Myrmiciinae",NA,"Myrmeciites","Yes",47.8,56,"Note"
"460","tabanifluviensis","38422","Myrmiciinae",NA,"Myrmeciites","Yes",47.8,56,"Note"
"461",NA,"49311","Myrmiciinae",NA,"Prionomyrmex","Yes",33.9,38,"Note"
"462","janzeni","44627","Myrmiciinae",NA,"Prionomyrmex","Yes",33.9,56,"Note"
"463","longiceps","44414","Myrmiciinae",NA,"Prionomyrmex","Yes",33.9,38,"Note"
"464","wappleri","41794","Myrmiciinae",NA,"Prionomyrmex","Yes",23.03,28.4,"Note"
"465","bartletti","38422","Myrmiciinae",NA,"Ypresiomyrma","Yes",47.8,56,"Note"
"466","orbiculata","38422","Myrmiciinae",NA,"Ypresiomyrma","Yes",47.8,56,"Note"
"467","orientalis","56094","Myrmiciinae",NA,"Ypresiomyrma","Yes",33.9,38,"Note"
"468","rebekkae","44639","Myrmiciinae",NA,"Ypresiomyrma","Yes",47.8,56,"Note"
"469","poinari","44409","Myrmicinae",NA,"Acanthognathus","Yes",13.82,20.44,"Note"
"470","petrosa","38353","Myrmicinae",NA,"Afromyrma","Yes",89.8,93.9,"Note"
"471","laticeps","56094","Myrmicinae",NA,"Agastomyrma","Yes",33.9,38,"Note"
"472",NA,"34859","Myrmicinae",NA,"Aphaenogaster","Yes",5.333,7.246,"Note"
"473","amphioceanica","5186","Myrmicinae",NA,"Aphaenogaster","Yes",13.82,20.44,"Note"
"474","antiqua","44578","Myrmicinae",NA,"Aphaenogaster","Yes",33.9,38,"Note"
"475","archaica","44433","Myrmicinae",NA,"Aphaenogaster","Yes",23.03,28.4,"Note"
"476","avita","34858","Myrmicinae",NA,"Aphaenogaster","Yes",13.82,15.97,"Note"
"477","donisthorpei","4971","Myrmicinae",NA,"Aphaenogaster","Yes",33.9,37.2,"Note"
"478","dumetora","47627","Myrmicinae",NA,"Aphaenogaster","Yes",11.608,15.97,"Note"
"479","lapidescens","16579","Myrmicinae",NA,"Aphaenogaster","Yes",11.608,15.97,"Note"
"480","longaeva","39765","Myrmicinae","Attini","Aphaenogaster","Yes",23.03,33.9,"Note"
"481","maculata","38999","Myrmicinae",NA,"Aphaenogaster","Yes",23.03,28.1,"Note"
"482","maculipes","38999","Myrmicinae",NA,"Aphaenogaster","Yes",28.4,33.9,"Note"
"483","mayri","4971","Myrmicinae",NA,"Aphaenogaster","Yes",33.9,37.2,"Note"
"484","mersa","40999","Myrmicinae",NA,"Aphaenogaster","Yes",33.9,38,"Note"
"485","oligocenica","40999","Myrmicinae",NA,"Aphaenogaster","Yes",33.9,38,"Note"
"486","paludosa","16579","Myrmicinae",NA,"Aphaenogaster","Yes",11.608,15.97,"Note"
"487","pannonica","44435","Myrmicinae",NA,"Aphaenogaster","Yes",5.333,7.246,"Note"
"488","praerelicta","5186","Myrmicinae",NA,"Aphaenogaster","Yes",15.97,23.03,"Note"
"489","shanwangensis","15208","Myrmicinae",NA,"Aphaenogaster","Yes",11.608,15.97,"Note"
"490","sommerfeldti","44414","Myrmicinae",NA,"Aphaenogaster","Yes",33.9,38,"Note"
"491","electropilosum","40811","Myrmicinae",NA,"Apterostigma","Yes",13.82,20.44,"Note"
"492","eowilsoni","40811","Myrmicinae",NA,"Apterostigma","Yes",13.82,20.44,"Note"
"493","longipennis","37344","Myrmicinae",NA,"Attopsis","Yes",11.608,12.7,"Note"
"494","longipes","38709","Myrmicinae",NA,"Attopsis","Yes",11.608,12.7,"Note"
"495","lata","56094","Myrmicinae",NA,"Biamomyrma","Yes",33.9,38,"Note"
"496","rugosa","56094","Myrmicinae",NA,"Biamomyrma","Yes",33.9,38,"Note"
"497","zherikhini","56094","Myrmicinae",NA,"Biamomyrma","Yes",33.9,38,"Note"
"498","baltica","48824","Myrmicinae",NA,"Bilobomyrma","Yes",33.9,38,"Note"
"499","ukrainica","48824","Myrmicinae",NA,"Bilobomyrma","Yes",33.9,38,"Note"
"500","mirabilis","48397","Myrmicinae",NA,"Boltonidris","Yes",33.9,38,"Note"
"501","dongzhouheensis","40725","Myrmicinae",NA,"Brachytarsites","Yes",48.6,55.8,"Note"
"502","antiqua","44414","Myrmicinae","Crematogastrini","Carebara","Yes",33.9,38,"Note"
"503","bohemica","44517","Myrmicinae","Crematogastrini","Carebara","Yes",15.97,16.9,"Note"
"504","nitida","44578","Myrmicinae","Crematogastrini","Carebara","Yes",33.9,38,"Note"
"505","rugiceps","37344","Myrmicinae","Crematogastrini","Carebara","Yes",11.608,12.7,"Note"
"506","schossnicensis","37742","Myrmicinae","Crematogastrini","Carebara","Yes",5.333,11.608,"Note"
"507","sophiae","44518","Myrmicinae","Crematogastrini","Carebara","Yes",5.333,11.608,"Note"
"508","thorali","44519","Myrmicinae","Crematogastrini","Carebara","Yes",23.03,28.1,"Note"
"509","ucrainica","44578","Myrmicinae","Crematogastrini","Carebara","Yes",33.9,38,"Note"
"510",NA,"51392","Myrmicinae",NA,"Cataulacus","Yes",11.608,12.7,"Note"
"511","planiceps","44518","Myrmicinae",NA,"Cataulacus","Yes",5.333,11.608,"Note"
"512","plebeius","44523","Myrmicinae",NA,"Cataulacus","Yes",15.97,20.44,"Note"
"513","silvestrii","44518","Myrmicinae",NA,"Cataulacus","Yes",5.333,11.608,"Note"
"514","rotundatus","4971","Myrmicinae",NA,"Cephalomyrmex","Yes",33.9,37.2,"Note"
"515",NA,"57466","Myrmicinae",NA,"Cephalotes","Yes",15.97,23.03,"Note"
"516","alveolatus","40531","Myrmicinae",NA,"Cephalotes","Yes",13.82,20.44,"Note"
"517","bloosi","40586","Myrmicinae",NA,"Cephalotes","Yes",13.82,20.44,"Note"
"518","brevispineus","40586","Myrmicinae",NA,"Cephalotes","Yes",13.82,20.44,"Note"
"519","caribicus","40586","Myrmicinae",NA,"Cephalotes","Yes",13.82,20.44,"Note"
"520","dieteri","40586","Myrmicinae",NA,"Cephalotes","Yes",13.82,20.44,"Note"
"521","hispaniolicus","40586","Myrmicinae",NA,"Cephalotes","Yes",13.82,20.44,"Note"
"522","integerrimus","40531","Myrmicinae",NA,"Cephalotes","Yes",13.82,20.44,"Note"
"523","jansei","40531","Myrmicinae",NA,"Cephalotes","Yes",13.82,20.44,"Note"
"524","maya","40586","Myrmicinae",NA,"Cephalotes","Yes",15.97,23.03,"Note"
"525","obscurus","40531","Myrmicinae",NA,"Cephalotes","Yes",13.82,20.44,"Note"
"526","olmecus","40586","Myrmicinae",NA,"Cephalotes","Yes",15.97,23.03,"Note"
"527","poinari","40586","Myrmicinae",NA,"Cephalotes","Yes",15.97,23.03,"Note"
"528","resinae","40586","Myrmicinae",NA,"Cephalotes","Yes",0,0.0117,"Note"
"529","serratus","40531","Myrmicinae",NA,"Cephalotes","Yes",13.82,20.44,"Note"
"530","squamosus","40531","Myrmicinae",NA,"Cephalotes","Yes",13.82,20.44,"Note"
"531","sucinus","40586","Myrmicinae",NA,"Cephalotes","Yes",13.82,20.44,"Note"
"532","taino","40586","Myrmicinae",NA,"Cephalotes","Yes",0,0.0117,"Note"
"533","ventriosus","40586","Myrmicinae",NA,"Cephalotes","Yes",15.97,23.03,"Note"
"534","asiatica","40725","Myrmicinae",NA,"Clavipetiola","Yes",48.6,55.8,"Note"
"535",NA,"57466","Myrmicinae",NA,"Crematogaster","Yes",15.97,23.03,"Note"
"536","aurora","55770","Myrmicinae",NA,"Crematogaster","Yes",41.3,47.8,"Note"
"537","praecursor","44518","Myrmicinae",NA,"Crematogaster","Yes",5.333,11.608,"Note"
"538","maya","44526","Myrmicinae",NA,"Cyphomyrmex","Yes",15.97,23.03,"Note"
"539","taino","44526","Myrmicinae",NA,"Cyphomyrmex","Yes",13.82,20.44,"Note"
"540","dubia","40999","Myrmicinae",NA,"Electroponera","Yes",33.9,38,"Note"
"541","reticulatus","44414","Myrmicinae",NA,"Enneamerus","Yes",33.9,38,"Note"
"542","crassa","38990","Myrmicinae",NA,"Eocenidris","Yes",38,41.3,"Note"
"543","electrina","44580","Myrmicinae",NA,"Eocenomyrma","Yes",33.9,38,"Note"
"544","elegantula","44580","Myrmicinae",NA,"Eocenomyrma","Yes",33.9,38,"Note"
"545","orthospina","44580","Myrmicinae",NA,"Eocenomyrma","Yes",33.9,38,"Note"
"546","rugosostriata","44414","Myrmicinae",NA,"Eocenomyrma","Yes",33.9,38,"Note"
"547","guchengziensis","44613","Myrmicinae",NA,"Eomyrmex","Yes",48.6,55.8,"Note"
"548","transversa","44581","Myrmicinae",NA,"Fallomyrma","Yes",33.9,38,"Note"
"549","liaoningensis","40725","Myrmicinae",NA,"Fushunomyrmex","Yes",48.6,55.8,"Note"
"550","bombiccii","44518","Myrmicinae",NA,"Hypopomyrmex","Yes",5.333,11.608,"Note"
"551","caecus","5205","Myrmicinae",NA,"Ilemomyrmex","Yes",13.82,20.44,"Note"
"552",NA,"39515","Myrmicinae",NA,"Leptothorax","Yes",5.333,7.246,"Note"
"553","muscorum","54747","Myrmicinae",NA,"Leptothorax","Yes",0.0117,0.126,"Note"
"554","freyeri","38709","Myrmicinae",NA,"Lonchomyrmex","Yes",11.608,12.7,"Note"
"555","nigritus","37742","Myrmicinae",NA,"Lonchomyrmex","Yes",5.333,11.608,"Note"
"556","ovata","38422","Myrmicinae",NA,"Macabeemyrma","Yes",47.8,56,"Note"
"557",NA,"34859","Myrmicinae",NA,"Messor","Yes",5.333,7.246,"Note"
"558","sculpturatus","4971","Myrmicinae",NA,"Messor","Yes",33.9,37.2,"Note"
"559","fossilis","16579","Myrmicinae",NA,"Miosolenopsis","Yes",11.608,15.97,"Note"
"560",NA,"44580","Myrmicinae",NA,"Monomorium","Yes",33.9,38,"Note"
"561","kugleri","40645","Myrmicinae",NA,"Monomorium","Yes",33.9,38,"Note"
"562","mayrianum","44414","Myrmicinae",NA,"Monomorium","Yes",33.9,38,"Note"
"563","pilipes","44414","Myrmicinae",NA,"Monomorium","Yes",33.9,38,"Note"
"564","dubius","56094","Myrmicinae",NA,"Myrmecites","Yes",33.9,38,"Note"
"565","latus","51760","Myrmicinae",NA,"Myrmecites","Yes",11.608,12.7,"Note"
"566","major","56094","Myrmicinae",NA,"Myrmecites","Yes",33.9,38,"Note"
"567","pusillus","37344","Myrmicinae",NA,"Myrmecites","Yes",11.608,12.7,"Note"
"568","rotundiceps","44418","Myrmicinae",NA,"Myrmecites","Yes",46.2,50.3,"Note"
"569","sibiricus","56094","Myrmicinae",NA,"Myrmecites","Yes",33.9,38,"Note"
"570",NA,"37344","Myrmicinae",NA,"Myrmica","Yes",11.608,12.7,"Note"
"571","eocenica","40541","Myrmicinae",NA,"Myrmica","Yes",33.9,38,"Note"
"572","incompleta","54747","Myrmicinae",NA,"Myrmica","Yes",0.0117,0.126,"Note"
"573","intermedia","40999","Myrmicinae",NA,"Myrmica","Yes",33.9,38,"Note"
"574","lobifrons","55325","Myrmicinae",NA,"Myrmica","Yes",0.0117,0.126,"Note"
"575","longispinosa","44414","Myrmicinae",NA,"Myrmica","Yes",33.9,38,"Note"
"576","paradoxa","40541","Myrmicinae",NA,"Myrmica","Yes",33.9,38,"Note"
"577","rudis","40541","Myrmicinae",NA,"Myrmica","Yes",33.9,38,"Note"
"578",NA,"34859","Myrmicinae",NA,"None","Yes",5.333,7.246,"Note"
"579",NA,"38738","Myrmicinae",NA,"Myrmicites","Yes",28.4,33.9,"Note"
"580","caritatis","44617","Myrmicinae",NA,"Nesomyrmex","Yes",13.82,20.44,"Note"
"581","dominicanus","44617","Myrmicinae",NA,"Nesomyrmex","Yes",13.82,20.44,"Note"
"582","guchengziensis","40725","Myrmicinae",NA,"Orbigastrula","Yes",48.6,55.8,"Note"
"583","antillana","5205","Myrmicinae",NA,"Oxyidris","Yes",13.82,20.44,"Note"
"584","primaevus","40999","Myrmicinae",NA,"Parameranoplus","Yes",33.9,38,"Note"
"585","hooleyana","51861","Myrmicinae",NA,"Paraphaenogaster","Yes",33.9,38,"Note"
"586","jurinei","37344","Myrmicinae",NA,"Paraphaenogaster","Yes",11.608,12.7,"Note"
"587","microphthalmus","41286","Myrmicinae",NA,"Paraphaenogaster","Yes",11.608,15.97,"Note"
"588","tertiaria","37344","Myrmicinae",NA,"Paraphaenogaster","Yes",11.608,12.7,"Note"
"589",NA,"44620","Myrmicinae",NA,"Pheidole","Yes",13.82,20.44,"Note"
"590","cordata","44586","Myrmicinae",NA,"Pheidole","Yes",33.9,38,"Note"
"591","pallidula","56112","Myrmicinae",NA,"Pheidole","Yes",5.333,8.7,"Note"
"592","primigenia","44620","Myrmicinae",NA,"Pheidole","Yes",13.82,20.44,"Note"
"593","rasnitsyni","47543","Myrmicinae",NA,"Pheidole","Yes",0,0.0117,"Note"
"594","tertiaria","4971","Myrmicinae",NA,"Pheidole","Yes",33.9,37.2,"Note"
"595","tethepa","5205","Myrmicinae",NA,"Pheidole","Yes",13.82,20.44,"Note"
"596","tubulatus","44624","Myrmicinae",NA,"Plesiomyrmex","Yes",33.9,38,"Note"
"597","mayri","44518","Myrmicinae",NA,"Podomyrma","Yes",5.333,11.608,"Note"
"598","fossilis","4971","Myrmicinae",NA,"Pogonomyrmex","Yes",33.9,37.2,"Note"
"599","fushunensis","40725","Myrmicinae",NA,"Quineangulicapito","Yes",48.6,55.8,"Note"
"600","longipetiolatus","40725","Myrmicinae",NA,"Sphaerogasterites","Yes",48.6,55.8,"Note"
"601","berendti","44414","Myrmicinae",NA,"Stenamma","Yes",33.9,38,"Note"
"602","venustus","44414","Myrmicinae",NA,"Stigmomyrmex","Yes",33.9,38,"Note"
"603","robustus","44414","Myrmicinae",NA,"Stiphromyrmex","Yes",33.9,38,"Note"
"604","electrina","44409","Myrmicinae",NA,"Strumigenys","Yes",13.82,20.44,"Note"
"605","pilosula","44632","Myrmicinae",NA,"Strumigenys","Yes",13.82,20.44,"Note"
"606","poinari","44632","Myrmicinae",NA,"Strumigenys","Yes",13.82,20.44,"Note"
"607","schleeorum","44409","Myrmicinae",NA,"Strumigenys","Yes",13.82,20.44,"Note"
"608","glaesarius","40999","Myrmicinae",NA,"Temnothorax","Yes",33.9,38,"Note"
"609","gracilis","44414","Myrmicinae",NA,"Temnothorax","Yes",33.9,38,"Note"
"610","hystriculus","40999","Myrmicinae",NA,"Temnothorax","Yes",33.9,38,"Note"
"611","longaevus","40999","Myrmicinae",NA,"Temnothorax","Yes",33.9,38,"Note"
"612","petiolata","44414","Myrmicinae",NA,"Temnothorax","Yes",33.9,38,"Note"
"613","placivus","40999","Myrmicinae",NA,"Temnothorax","Yes",33.9,38,"Note"
"614","praecreolus","44636","Myrmicinae",NA,"Temnothorax","Yes",13.82,20.44,"Note"
"615","kulickae","56231","Myrmicinae",NA,"Tetramorium","Yes",33.9,38,"Note"
"616","paraarmatum","56231","Myrmicinae",NA,"Tetramorium","Yes",33.9,38,"Note"
"617","primaevus","44637","Myrmicinae",NA,"Trachymyrmex","Yes",13.82,20.44,"Note"
"618","fragilis","37344","None",NA,"Cephites","Yes",11.608,12.7,"Fly"
"619","oeningensis","37344","None",NA,"Cephites","Yes",11.608,12.7,"Fly"
"620",NA,"34084","None",NA,"None","Yes",47.8,56,"Note"
"621",NA,"5208","Paraponerinae",NA,"Paraponera","Yes",13.82,20.44,"Note"
"622","dieteri","40058","Paraponerinae",NA,"Paraponera","Yes",13.82,20.44,"Note"
"623","oculata","38353","Ponerinae",NA,"Afropone","Yes",89.8,93.9,"Note"
"624","orapa","38353","Ponerinae",NA,"Afropone","Yes",89.8,93.9,"Note"
"625","ambiguus","44411","Ponerinae",NA,"Anochetus","Yes",13.82,20.44,"Note"
"626","brevidentatus","44411","Ponerinae",NA,"Anochetus","Yes",13.82,20.44,"Note"
"627","conisquamis","44411","Ponerinae",NA,"Anochetus","Yes",13.82,20.44,"Note"
"628","corayi","44413","Ponerinae",NA,"Anochetus","Yes",13.82,20.44,"Note"
"629","dubius","44411","Ponerinae",NA,"Anochetus","Yes",13.82,20.44,"Note"
"630","exstinctus","44411","Ponerinae",NA,"Anochetus","Yes",13.82,20.44,"Note"
"631","intermedius","44411","Ponerinae",NA,"Anochetus","Yes",13.82,20.44,"Note"
"632","lucidus","44411","Ponerinae",NA,"Anochetus","Yes",13.82,20.44,"Note"
"633","wheeleri","4971","Ponerinae",NA,"Archiponera","Yes",33.9,37.2,"Note"
"634","schneideri","59088","Ponerinae",NA,"Austroponera","Yes",20.44,23.03,"Note"
"635","grandis","43781","Ponerinae",NA,"Cephalopone","Yes",40.4,48.6,"Note"
"636","potens","43781","Ponerinae",NA,"Cephalopone","Yes",40.4,48.6,"Note"
"637","curiosa","43781","Ponerinae",NA,"Cyrtopone","Yes",40.4,48.6,"Note"
"638","elongata","43781","Ponerinae",NA,"Cyrtopone","Yes",40.4,48.6,"Note"
"639","microcephala","43781","Ponerinae",NA,"Cyrtopone","Yes",40.4,48.6,"Note"
"640","striata","43781","Ponerinae",NA,"Cyrtopone","Yes",40.4,48.6,"Note"
"641","cingulatus","40725","Ponerinae",NA,"Eogorgites","Yes",48.6,55.8,"Note"
"642","longipetiolatus","40725","Ponerinae",NA,"Eoponerites","Yes",48.6,55.8,"Note"
"643","wanghuacunensis","40725","Ponerinae",NA,"Furcisutura","Yes",48.6,55.8,"Note"
"644","atavia","44414","Ponerinae",NA,"Hypoponera","Yes",33.9,38,"Note"
"645","scitula","49030","Ponerinae",NA,"Hypoponera","Yes",2.588,5.333,"Note"
"646","chinensis","16579","Ponerinae",NA,"Leptogenys","Yes",11.608,15.97,"Note"
"647","lacerata","16579","Ponerinae",NA,"Leptogenys","Yes",11.608,15.97,"Note"
"648","reticulata","40725","Ponerinae",NA,"Longicapitia","Yes",48.6,55.8,"Note"
"649","leptogenoides","43781","Ponerinae",NA,"Messelepone","Yes",40.4,48.6,"Note"
"650","paleomyagra","53443","Ponerinae",NA,"Odontomachus","Yes",16.9,20,"Note"
"651","pseudobauri","44411","Ponerinae",NA,"Odontomachus","Yes",13.82,20.44,"Note"
"652","spinifer","44411","Ponerinae",NA,"Odontomachus","Yes",13.82,20.44,"Note"
"653",NA,"57466","Ponerinae",NA,"Pachycondyla","Yes",15.97,23.03,"Note"
"654","aberrans","56094","Ponerinae",NA,"Pachycondyla","Yes",33.9,38,"Note"
"655","baltica","44585","Ponerinae",NA,"Pachycondyla","Yes",33.9,38,"Note"
"656","calcarea","38999","Ponerinae",NA,"Pachycondyla","Yes",28.4,33.9,"Note"
"657","conservata","44602","Ponerinae",NA,"Pachycondyla","Yes",33.9,38,"Note"
"658","dubia","38999","Ponerinae",NA,"Pachycondyla","Yes",28.4,33.9,"Note"
"659","eocenica","43781","Ponerinae",NA,"Pachycondyla","Yes",40.4,48.6,"Note"
"660","globiventris","38999","Ponerinae",NA,"Pachycondyla","Yes",28.4,33.9,"Note"
"661","gracilicornis","44414","Ponerinae",NA,"Pachycondyla","Yes",33.9,38,"Note"
"662","labandeirai","44418","Ponerinae",NA,"Pachycondyla","Yes",46.2,50.3,"Note"
"663","lutzi","43781","Ponerinae",NA,"Pachycondyla","Yes",40.4,48.6,"Note"
"664","messeliana","43781","Ponerinae",NA,"Pachycondyla","Yes",40.4,48.6,"Note"
"665","minutansata","16579","Ponerinae",NA,"Pachycondyla","Yes",11.608,15.97,"Note"
"666","nubeculata","16579","Ponerinae",NA,"Pachycondyla","Yes",11.608,15.97,"Note"
"667","oligocenica","56094","Ponerinae",NA,"Pachycondyla","Yes",33.9,38,"Note"
"668","parvula","43781","Ponerinae",NA,"Pachycondyla","Yes",40.4,48.6,"Note"
"669","petiolosa","43781","Ponerinae",NA,"Pachycondyla","Yes",40.4,48.6,"Note"
"670","petrosa","43781","Ponerinae",NA,"Pachycondyla","Yes",40.4,48.6,"Note"
"671","succinea","44414","Ponerinae",NA,"Pachycondyla","Yes",33.9,38,"Note"
"672","tristis","44602","Ponerinae",NA,"Pachycondyla","Yes",33.9,38,"Note"
"673","dentata","40294","Ponerinae",NA,"Platythyrea","Yes",13.82,20.44,"Note"
"674","dlusskyi","36397","Ponerinae",NA,"Platythyrea","Yes",48.6,55.8,"Note"
"675","primaeva","38999","Ponerinae",NA,"Platythyrea","Yes",28.4,33.9,"Note"
"676","procera","40294","Ponerinae",NA,"Platythyrea","Yes",13.82,20.44,"Note"
"677","pumilio","44623","Ponerinae",NA,"Platythyrea","Yes",13.82,20.44,"Note"
"678","scalprum","40294","Ponerinae",NA,"Platythyrea","Yes",13.82,20.44,"Note"
"679","elegantissima","54829","Ponerinae",NA,"Ponera","Yes",23.03,28.4,"Note"
"680","leptocephala","44518","Ponerinae",NA,"Ponera","Yes",5.333,11.608,"Note"
"681","lobulifera","44602","Ponerinae",NA,"Ponera","Yes",33.9,38,"Note"
"682","mayri","44602","Ponerinae",NA,"Ponera","Yes",33.9,38,"Note"
"683","wheeleri","44602","Ponerinae",NA,"Ponera","Yes",33.9,38,"Note"
"684",NA,"36397","Ponerinae",NA,"None","Yes",47.8,56,"Note"
"685",NA,"51861","Ponerinae",NA,"Ponerites","Yes",33.9,38,"Note"
"686","antropovi","51861","Ponerinae",NA,"Ponerites","Yes",33.9,38,"Note"
"687","atavinus","37344","Ponerinae",NA,"Ponerites","Yes",11.608,12.7,"Note"
"688","coloradensis","44418","Ponerinae",NA,"Ponerites","Yes",46.2,50.3,"Note"
"689","crawleyi","5061","Ponerinae",NA,"Ponerites","Yes",33.9,38,"Note"
"690","elongatus","38709","Ponerinae",NA,"Ponerites","Yes",11.608,12.7,"Note"
"691","eocenicus","44418","Ponerinae",NA,"Ponerites","Yes",46.2,50.3,"Note"
"692","gracilior","38709","Ponerinae",NA,"Ponerites","Yes",11.608,12.7,"Note"
"693","hooleyi","51861","Ponerinae",NA,"Ponerites","Yes",33.9,38,"Note"
"694","hypoponeroides","44418","Ponerinae",NA,"Ponerites","Yes",46.2,50.3,"Note"
"695","kishenehne","55770","Ponerinae",NA,"Ponerites","Yes",41.3,47.8,"Note"
"696","nitidus","37344","Ponerinae",NA,"Ponerites","Yes",11.608,12.7,"Note"
"697","oblongiceps","51760","Ponerinae",NA,"Ponerites","Yes",11.608,12.7,"Note"
"698","tenuis","38709","Ponerinae",NA,"Ponerites","Yes",11.608,12.7,"Note"
"699","umbrus","44457","Ponerinae",NA,"Ponerites","Yes",11.608,15.97,"Note"
"700","crassinervis","37344","Ponerinae",NA,"Poneropsis","Yes",12.7,13.65,"Note"
"701","escheri","38709","Ponerinae",NA,"Poneropsis","Yes",11.608,12.7,"Note"
"702","fuliginosa","37344","Ponerinae",NA,"Poneropsis","Yes",11.608,12.7,"Note"
"703","globosa","37344","Ponerinae",NA,"Poneropsis","Yes",11.608,12.7,"Note"
"704","longaeva","37344","Ponerinae",NA,"Poneropsis","Yes",11.608,12.7,"Note"
"705","rhenana","44626","Ponerinae",NA,"Poneropsis","Yes",23.03,28.4,"Note"
"706","stygia","38709","Ponerinae",NA,"Poneropsis","Yes",11.608,12.7,"Note"
"707","veneraria","47508","Ponerinae",NA,"Poneropsis","Yes",11.608,12.7,"Note"
"708","ventrosa","37344","Ponerinae",NA,"Poneropsis","Yes",11.608,12.7,"Note"
"709","dubia","43781","Ponerinae",NA,"Protopone","Yes",40.4,48.6,"Note"
"710","germanica","43781","Ponerinae",NA,"Protopone","Yes",40.4,48.6,"Note"
"711","magna","43781","Ponerinae",NA,"Protopone","Yes",40.4,48.6,"Note"
"712","oculata","43781","Ponerinae",NA,"Protopone","Yes",40.4,48.6,"Note"
"713","primigena","44404","Ponerinae",NA,"Protopone","Yes",41.3,47.8,"Note"
"714","sepulta","43781","Ponerinae",NA,"Protopone","Yes",40.4,48.6,"Note"
"715","vetula","43781","Ponerinae",NA,"Protopone","Yes",40.4,48.6,"Note"
"716","aberrans","51861","Ponerinae",NA,"Taphopone","Yes",33.9,38,"Note"
"717","karaganensis","41286","Ponerinae",NA,"Taphopone","Yes",11.608,15.97,"Note"
"718","macroptera","51861","Ponerinae",NA,"Taphopone","Yes",33.9,38,"Note"
"719","microptera","51861","Ponerinae",NA,"Taphopone","Yes",33.9,38,"Note"
"720","petrosa","51861","Ponerinae",NA,"Taphopone","Yes",33.9,38,"Note"
"721","stauropolitanus","41286","Ponerinae",NA,"Taphopone","Yes",11.608,15.97,"Note"
"722",NA,"44437","Proceratiinae",NA,"Bradoponera","Yes",33.9,38,"Note"
"723","electrina","44437","Proceratiinae",NA,"Bradoponera","Yes",33.9,38,"Note"
"724","meieri","44414","Proceratiinae",NA,"Bradoponera","Yes",33.9,38,"Note"
"725","similis","44602","Proceratiinae",NA,"Bradoponera","Yes",33.9,38,"Note"
"726","wunderlichi","44437","Proceratiinae",NA,"Bradoponera","Yes",33.9,38,"Note"
"727","gigas","44527","Proceratiinae",NA,"Discothyrea","Yes",13.82,20.44,"Note"
"728","maya","44527","Proceratiinae",NA,"Discothyrea","Yes",15.97,23.03,"Note"
"729","denticulatum","44629","Proceratiinae",NA,"Proceratium","Yes",13.82,20.44,"Note"
"730","dominicanum","40049","Proceratiinae",NA,"Proceratium","Yes",13.82,20.44,"Note"
"731","eocenicum","44602","Proceratiinae",NA,"Proceratium","Yes",33.9,38,"Note"
"732","gibberum","40049","Proceratiinae",NA,"Proceratium","Yes",13.82,20.44,"Note"
"733","petrosum","56094","Proceratiinae",NA,"Proceratium","Yes",33.9,38,"Note"
"734","poinari","40049","Proceratiinae",NA,"Proceratium","Yes",13.82,20.44,"Note"
"735","antiquus","44631","Pseudomyrmecinae",NA,"Pseudomyrmex","Yes",13.82,20.44,"Note"
"736","avitus","44631","Pseudomyrmecinae",NA,"Pseudomyrmex","Yes",13.82,20.44,"Note"
"737","baros","44631","Pseudomyrmecinae",NA,"Pseudomyrmex","Yes",13.82,20.44,"Note"
"738","coruscus","44631","Pseudomyrmecinae",NA,"Pseudomyrmex","Yes",13.82,20.44,"Note"
"739","extinctus","4971","Pseudomyrmecinae",NA,"Pseudomyrmex","Yes",33.9,37.2,"Note"
"740","macrops","44631","Pseudomyrmecinae",NA,"Pseudomyrmex","Yes",13.82,20.44,"Note"
"741","nexilis","44631","Pseudomyrmecinae",NA,"Pseudomyrmex","Yes",13.82,20.44,"Note"
"742","oryctus","44631","Pseudomyrmecinae",NA,"Pseudomyrmex","Yes",13.82,20.44,"Note"
"743","prioris","44631","Pseudomyrmecinae",NA,"Pseudomyrmex","Yes",13.82,20.44,"Note"
"744","saxulum","55770","Pseudomyrmecinae",NA,"Pseudomyrmex","Yes",41.3,47.8,"Note"
"745","simplex","44631","Pseudomyrmecinae",NA,"Pseudomyrmex","Yes",0,0.0117,"Note"
"746","succinus","44631","Pseudomyrmecinae",NA,"Pseudomyrmex","Yes",13.82,20.44,"Note"
"747","thecolor","44631","Pseudomyrmecinae",NA,"Pseudomyrmex","Yes",13.82,20.44,"Note"
"748","vicinus","44631","Pseudomyrmecinae",NA,"Pseudomyrmex","Yes",13.82,20.44,"Note"
"749","europaea","44602","Pseudomyrmecinae",NA,"Tetraponera","Yes",33.9,38,"Note"
"750","groehni","44602","Pseudomyrmecinae",NA,"Tetraponera","Yes",33.9,38,"Note"
"751","klebsi","38999","Pseudomyrmecinae",NA,"Tetraponera","Yes",28.4,33.9,"Note"
"752","lacrimarum","40999","Pseudomyrmecinae",NA,"Tetraponera","Yes",33.9,38,"Note"
"753","ocellata","44414","Pseudomyrmecinae",NA,"Tetraponera","Yes",33.9,38,"Note"
"754","oligocenica","38999","Pseudomyrmecinae",NA,"Tetraponera","Yes",33.9,37.2,"Note"
"755","simplex","44414","Pseudomyrmecinae",NA,"Tetraponera","Yes",33.9,38,"Note"
"756",NA,"58266","Sphecomyrminae",NA,"Gerontoformica","Yes",93.5,99.6,"Note"
"757","contegus","50661","Sphecomyrminae",NA,"Gerontoformica","Yes",93.5,99.6,"Note"
"758","cretacica","35083","Sphecomyrminae",NA,"Gerontoformica","Yes",99.6,105.3,"Note"
"759","gracilis","50661","Sphecomyrminae",NA,"Gerontoformica","Yes",93.5,99.6,"Note"
"760","magnus","50661","Sphecomyrminae",NA,"Gerontoformica","Yes",93.5,99.6,"Note"
"761","maraudera","58266","Sphecomyrminae",NA,"Gerontoformica","Yes",93.5,99.6,"Note"
"762","occidentalis","44281","Sphecomyrminae",NA,"Gerontoformica","Yes",93.5,99.6,"Note"
"763","orientalis","36535","Sphecomyrminae",NA,"Gerontoformica","Yes",93.5,99.6,"Note"
"764","pilosus","50661","Sphecomyrminae",NA,"Gerontoformica","Yes",93.5,99.6,"Note"
"765","robustus","50661","Sphecomyrminae",NA,"Gerontoformica","Yes",93.5,99.6,"Note"
"766","rugosus","50661","Sphecomyrminae",NA,"Gerontoformica","Yes",93.5,99.6,"Note"
"767","spiralis","50661","Sphecomyrminae",NA,"Gerontoformica","Yes",93.5,99.6,"Note"
"768","subcuspis","50661","Sphecomyrminae",NA,"Gerontoformica","Yes",93.5,99.6,"Note"
"769","tendir","50661","Sphecomyrminae",NA,"Gerontoformica","Yes",93.5,99.6,"Note"
"770","cerberus","39313","Sphecomyrminae",NA,"Haidomyrmex","Yes",93.5,99.6,"Note"
"771","scimitarus","44280","Sphecomyrminae",NA,"Haidomyrmex","Yes",93.5,99.6,"Note"
"772","zigrasi","44280","Sphecomyrminae",NA,"Haidomyrmex","Yes",93.5,99.6,"Note"
"773","mammuthus","44281","Sphecomyrminae",NA,"Haidomyrmodes","Yes",99.6,105.3,"Note"
"774","cippus","47973","Sphecomyrminae",NA,"Haidoterminus","Yes",70.6,83.5,"Note"
"775",NA,"36535","Sphecomyrminae",NA,"Sphecomyrminae","Yes",89.8,93.9,"Note"
"776","canadensis","38990","Sphecomyrminae",NA,"Sphecomyrminae","Yes",70.6,83.5,"Note"
"777","freyi","36535","Sphecomyrminae",NA,"Sphecomyrminae","Yes",89.8,93.9,"Note"
"778","mesaki","36535","Sphecomyrminae",NA,"Sphecomyrminae","Yes",89.8,93.9,"Note"
"779","ferox","50003","Sphecomyrminae",NA,"Zigrasimecia","Yes",93.5,99.6,"Note"
"780","tonsora","47310","Sphecomyrminae",NA,"Zigrasimecia","Yes",93.5,99.6,"Note"
"781",NA,"48703","Sphecomyrminae",NA,"Baikuris","Yes",72.1,83.6,"Note"
"782","casei","5815","Sphecomyrminae",NA,"Baikuris","Yes",89.8,93.9,"Note"
"783","mandibularis","39885","Sphecomyrminae",NA,"Baikuris","Yes",83.6,89.8,"Note"
"784","maximus","53728","Sphecomyrminae",NA,"Baikuris","Yes",99.6,105.3,"Note"
"785","mirabilis","39885","Sphecomyrminae",NA,"Baikuris","Yes",83.6,89.8,"Note"
"786","ellenbergeri","59331","Sphecomyrminae",NA,"Ceratomyrmex","Yes",93.5,99.6,"Stem Ant"
"787","arnoldii","37059","Sphecomyrminae",NA,"Cretomyrma","Yes",83.6,86.3,"Stem Ant"
"788","unicornis","37059","Sphecomyrminae",NA,"Cretomyrma","Yes",83.6,86.3,"Stem Ant"
"789","zherichini","37059","Sphecomyrminae",NA,"Dlusskyidris","Yes",83.6,86.3,"Note"
